{
  "env_url": "fastapi.testclient (in-process)",
  "model_name": "heuristic-epsilon-decay-v1",
  "max_train_steps": 50,
  "training_rewards": [
    0.82,
    0.3,
    0.5,
    0.86,
    0.999,
    0.3,
    0.999,
    0.667,
    0.5,
    0.5,
    0.733,
    0.9,
    0.5,
    0.999,
    0.5,
    0.9,
    0.86,
    0.999,
    0.999,
    0.88,
    0.999,
    0.82,
    0.9,
    0.9,
    0.999,
    0.999,
    0.9,
    0.999,
    0.999,
    0.999,
    0.999,
    0.999,
    0.999,
    0.999,
    0.999,
    0.9,
    0.999,
    0.733,
    0.999,
    0.999,
    0.999,
    0.999,
    0.999,
    0.999,
    0.999,
    0.999,
    0.9,
    0.999,
    0.999,
    0.999
  ],
  "before_rewards": [
    0.6,
    0.86,
    0.82,
    0.5,
    0.86,
    0.5,
    0.5,
    0.5,
    0.5,
    0.66,
    0.5,
    0.3,
    0.84,
    0.5,
    0.5,
    0.5,
    0.3,
    0.3,
    0.5,
    0.64,
    0.84,
    0.5,
    0.5,
    0.667,
    0.5,
    0.3,
    0.82,
    0.3,
    0.3,
    0.3
  ],
  "after_rewards": [
    0.999,
    0.999,
    0.999,
    0.999,
    0.999,
    0.999,
    0.999,
    0.9,
    0.999,
    0.999,
    0.999,
    0.999,
    0.999,
    0.999,
    0.999,
    0.999,
    0.999,
    0.999,
    0.999,
    0.999,
    0.999,
    0.9,
    0.999,
    0.9,
    0.999,
    0.999,
    0.999,
    0.999,
    0.999,
    0.999
  ],
  "difficulty_breakdown": {
    "before": {
      "easy": 0.4822222222222222,
      "medium": 0.508888888888889,
      "hard": 0.60725
    },
    "after": {
      "easy": 0.9848571428571429,
      "medium": 0.981,
      "hard": 0.999
    }
  },
  "timestamp": "2026-04-25 19:22:32",
  "source": "heuristic_training_demo",
  "notes": "Heuristic epsilon-decay policy with exploration noise; rewards are actual /grader scores from the live FastAPI server. Use train_grpo.py on a T4 GPU for a real GRPO run."
}